,frame,timestamp,confidence,success,gaze_0_x,gaze_0_y,gaze_0_z,gaze_1_x,gaze_1_y,gaze_1_z,gaze_angle_x,gaze_angle_y,pose_Tx,pose_Ty,pose_Tz,pose_Rx,pose_Ry,pose_Rz,AU01_r,AU02_r,AU04_r,AU05_r,AU06_r,AU07_r,AU09_r,AU10_r,AU12_r,AU14_r,AU15_r,AU17_r,AU20_r,AU23_r,AU25_r,AU26_r,AU45_r,AU01_c,AU02_c,AU04_c,AU05_c,AU06_c,AU07_c,AU09_c,AU10_c,AU12_c,AU14_c,AU15_c,AU17_c,AU20_c,AU23_c,AU25_c,AU26_c,AU28_c,AU45_c
0,1,0.0,0.98,1,-0.040378,0.080403,-0.995944,0.040369,0.27533,-0.960502,-0.0,0.18,9.8,-35.8,444.9,0.049,0.016,0.024,0.56,0.83,2.33,0.83,0.39,1.15,0.0,0.2,0.0,0.0,0.0,0.0,0.0,0.1,0.31,0.33,0.6,1.0,1.0,1.0,1.0,0.0,1.0,0.0,0.0,0.0,0.0,0.0,0.0,0.0,0.0,1.0,1.0,1.0,0.0
1,2,0.033,0.98,1,0.187699,0.044201,-0.981232,0.051231,0.285413,-0.957034,0.123,0.168,10.0,-36.2,447.6,0.056,0.016,0.026,0.82,0.76,2.41,0.59,0.45,1.22,0.0,0.14,0.0,0.0,0.0,0.0,0.0,0.04,0.33,0.33,0.39,1.0,1.0,1.0,0.0,0.0,1.0,0.0,0.0,0.0,0.0,0.0,0.0,0.0,0.0,1.0,1.0,1.0,0.0
2,3,0.067,0.98,1,0.223823,0.093614,-0.970124,0.014499,0.323085,-0.946259,0.124,0.214,11.9,-34.4,443.8,0.084,0.004,0.025,0.95,0.62,2.44,0.55,0.45,1.37,0.0,0.18,0.0,0.0,0.0,0.0,0.0,0.0,0.35,0.29,0.2,1.0,1.0,1.0,0.0,0.0,1.0,0.0,0.0,0.0,0.0,0.0,0.0,0.0,0.0,0.0,1.0,1.0,0.0
3,4,0.1,0.98,1,0.238759,0.093782,-0.96654,0.01841,0.324833,-0.945592,0.134,0.216,13.8,-33.7,442.8,0.09,-0.002,0.027,1.03,0.62,2.47,0.54,0.47,1.47,0.0,0.22,0.0,0.0,0.0,0.0,0.0,0.0,0.32,0.6,0.21,1.0,1.0,1.0,0.0,0.0,1.0,0.0,0.0,0.0,0.0,0.0,0.0,0.0,0.0,0.0,1.0,1.0,0.0
4,5,0.133,0.98,1,0.258904,0.137438,-0.956075,0.03075,0.355075,-0.934332,0.152,0.255,15.6,-32.5,440.8,0.111,-0.01,0.027,1.21,0.6,2.47,0.57,0.43,1.54,0.0,0.3,0.0,0.0,0.0,0.04,0.01,0.0,0.36,0.56,0.17,1.0,1.0,1.0,0.0,0.0,1.0,0.0,0.0,0.0,0.0,0.0,0.0,0.0,0.0,0.0,1.0,1.0,0.0
5,6,0.167,0.98,1,0.272357,0.122167,-0.954409,0.042767,0.354358,-0.934131,0.165,0.247,17.0,-31.3,437.3,0.131,-0.016,0.024,1.45,0.73,2.53,0.53,0.45,1.67,0.0,0.27,0.0,0.0,0.0,0.16,0.2,0.0,0.54,0.56,0.26,1.0,1.0,1.0,0.0,0.0,1.0,0.0,0.0,0.0,0.0,0.0,0.0,0.0,0.0,0.0,1.0,1.0,0.0
6,7,0.2,0.98,1,0.254222,0.182218,-0.949825,0.045673,0.387139,-0.920889,0.159,0.295,18.5,-30.2,437.1,0.159,-0.013,0.023,1.63,0.89,2.52,0.57,0.41,1.78,0.0,0.22,0.0,0.0,0.0,0.26,0.48,0.0,0.79,0.31,0.21,1.0,1.0,1.0,0.0,0.0,1.0,0.0,0.0,0.0,0.0,0.0,0.0,0.0,0.0,0.0,1.0,1.0,0.0
7,8,0.233,0.98,1,0.25256,0.162356,-0.953863,0.057052,0.39677,-0.916143,0.164,0.291,19.5,-28.9,433.3,0.178,-0.016,0.023,1.72,1.07,2.58,0.53,0.41,1.96,0.0,0.11,0.0,0.0,0.0,0.39,0.8,0.0,0.91,0.16,0.32,1.0,1.0,1.0,0.0,0.0,1.0,0.0,0.0,0.0,0.0,0.0,0.0,0.0,0.0,0.0,1.0,1.0,0.0
8,9,0.267,0.98,1,0.236267,0.187587,-0.953409,-0.006049,0.395118,-0.91861,0.122,0.302,20.6,-28.2,431.1,0.187,-0.011,0.021,1.74,1.35,2.54,0.44,0.41,2.25,0.0,0.03,0.0,0.0,0.0,0.4,0.88,0.0,0.88,0.11,0.23,1.0,1.0,1.0,0.0,0.0,1.0,0.0,0.0,0.0,0.0,0.0,0.0,0.0,0.0,0.0,1.0,1.0,0.0
9,10,0.3,0.98,1,0.172522,0.25742,-0.950774,-0.045062,0.37877,-0.924393,0.068,0.327,21.8,-26.8,433.2,0.209,-0.011,0.021,1.77,1.53,2.5,0.33,0.47,2.48,0.0,0.0,0.0,0.0,0.0,0.5,0.95,0.0,0.89,0.05,0.12,1.0,1.0,1.0,0.0,0.0,1.0,0.0,0.0,0.0,0.0,0.0,0.0,0.0,0.0,0.0,1.0,1.0,0.0
10,11,0.333,0.98,1,0.205026,0.204862,-0.957077,-0.053037,0.348488,-0.935812,0.08,0.284,22.6,-26.5,430.5,0.202,-0.009,0.017,1.62,1.61,2.44,0.36,0.54,2.53,0.0,0.0,0.0,0.0,0.0,0.54,0.9,0.0,0.94,0.02,0.0,1.0,1.0,1.0,0.0,0.0,1.0,0.0,0.0,0.0,0.0,0.0,0.0,0.0,0.0,0.0,0.0,1.0,0.0
11,12,0.367,0.98,1,0.257949,0.16888,-0.951284,-0.051924,0.338365,-0.939581,0.109,0.262,23.0,-26.3,426.1,0.195,-0.004,0.012,1.47,1.51,2.4,0.49,0.63,2.27,0.0,0.0,0.0,0.0,0.0,0.49,1.1,0.0,1.06,0.01,0.03,1.0,1.0,1.0,0.0,0.0,1.0,0.0,0.0,0.0,0.0,0.0,0.0,0.0,0.0,0.0,0.0,1.0,0.0
12,13,0.4,0.98,1,0.118001,0.179176,-0.976715,-0.063949,0.336185,-0.939622,0.028,0.263,23.1,-25.9,421.7,0.192,-0.0,0.01,1.39,1.42,2.26,0.6,0.7,2.15,0.0,0.0,0.0,0.0,0.0,0.47,1.12,0.0,1.0,0.0,0.03,1.0,1.0,1.0,0.0,0.0,1.0,0.0,0.0,0.0,0.0,0.0,0.0,0.0,0.0,0.0,0.0,1.0,0.0
13,14,0.433,0.98,1,0.222967,0.191767,-0.955778,-0.03906,0.322599,-0.945729,0.096,0.264,23.3,-25.4,424.1,0.197,0.003,0.007,1.39,1.36,2.22,0.5,0.78,2.26,0.0,0.0,0.0,0.0,0.0,0.34,1.14,0.0,0.97,0.0,0.12,1.0,1.0,1.0,0.0,0.0,1.0,0.0,0.0,0.0,0.0,0.0,0.0,0.0,0.0,0.0,0.0,1.0,0.0
14,15,0.467,0.98,1,0.188738,0.180567,-0.965284,-0.075552,0.302663,-0.950098,0.059,0.247,23.3,-25.0,421.6,0.188,0.01,0.007,1.42,1.25,2.17,0.38,0.83,2.42,0.0,0.0,0.0,0.0,0.06,0.31,1.01,0.0,0.92,0.0,0.08,1.0,1.0,1.0,0.0,0.0,1.0,0.0,0.0,0.0,0.0,0.0,0.0,0.0,0.0,0.0,0.0,1.0,0.0
15,16,0.5,0.98,1,0.177148,0.195877,-0.964495,-0.080574,0.303349,-0.949467,0.05,0.255,23.4,-24.9,422.8,0.181,0.016,0.004,1.36,1.23,2.23,0.32,0.95,2.62,0.0,0.02,0.0,0.0,0.06,0.42,1.02,0.0,1.16,0.0,0.08,1.0,1.0,1.0,0.0,0.0,1.0,0.0,0.0,0.0,0.0,0.0,0.0,0.0,0.0,0.0,0.0,1.0,0.0
16,17,0.533,0.98,1,0.118795,0.245947,-0.961976,-0.03363,0.331758,-0.942765,0.045,0.294,23.3,-23.9,422.9,0.181,0.028,0.003,1.27,1.12,2.19,0.46,1.03,2.62,0.0,0.03,0.0,0.0,0.06,0.73,0.94,0.0,1.39,0.0,0.01,1.0,1.0,1.0,0.0,0.0,1.0,0.0,0.0,0.0,0.0,0.0,0.0,0.0,0.0,0.0,0.0,1.0,0.0
17,18,0.567,0.98,1,0.172802,0.200255,-0.964384,-0.0602,0.314422,-0.947373,0.059,0.263,23.0,-23.5,417.9,0.164,0.035,-0.002,1.16,0.89,2.24,0.48,1.13,2.64,0.0,0.03,0.0,0.0,0.0,1.02,0.94,0.0,1.66,0.0,0.04,1.0,1.0,1.0,0.0,0.0,1.0,0.0,0.0,0.0,0.0,1.0,0.0,0.0,0.0,0.0,0.0,1.0,0.0
18,19,0.6,0.98,1,0.163734,0.192141,-0.967612,-0.061732,0.307406,-0.949574,0.053,0.255,22.7,-23.2,416.2,0.144,0.05,-0.006,1.01,0.6,2.29,0.45,1.14,2.44,0.0,0.03,0.0,0.0,0.18,0.87,0.8,0.0,1.63,0.0,0.08,1.0,1.0,1.0,0.0,0.0,1.0,0.0,0.0,0.0,0.0,1.0,0.0,0.0,1.0,0.0,0.0,0.0,0.0
19,20,0.633,0.98,1,0.123505,0.214235,-0.968943,-0.058647,0.304705,-0.950639,0.034,0.264,22.5,-23.0,416.2,0.128,0.063,-0.007,0.89,0.37,2.3,0.44,1.17,2.55,0.0,0.07,0.0,0.0,0.47,0.62,0.73,0.0,1.55,0.0,0.34,1.0,1.0,1.0,0.0,0.0,1.0,0.0,0.0,0.0,0.0,1.0,0.0,0.0,1.0,0.0,0.0,0.0,0.0
20,21,0.667,0.88,1,0.133455,0.205305,-0.969556,-0.042584,0.291832,-0.955521,0.047,0.253,22.5,-22.3,414.3,0.111,0.073,-0.003,0.76,0.35,2.37,0.41,1.19,2.53,0.0,0.07,0.0,0.0,0.76,0.53,0.81,0.0,1.54,0.0,0.44,1.0,0.0,1.0,0.0,0.0,1.0,0.0,0.0,0.0,0.0,1.0,0.0,0.0,1.0,0.0,0.0,0.0,0.0
21,22,0.7,0.88,1,0.099858,0.184825,-0.977685,-0.045435,0.2912,-0.955583,0.028,0.241,22.3,-21.7,413.4,0.089,0.082,-0.003,0.7,0.3,2.43,0.35,1.23,2.58,0.0,0.04,0.0,0.0,0.89,0.62,0.66,0.0,1.5,0.0,0.48,1.0,0.0,1.0,0.0,0.0,1.0,0.0,0.0,0.0,0.0,1.0,0.0,0.0,1.0,0.0,0.0,0.0,0.0
22,23,0.733,0.88,1,0.081817,0.179444,-0.98036,-0.060778,0.274582,-0.959641,0.011,0.23,22.3,-21.2,411.3,0.062,0.089,-0.001,0.6,0.18,2.53,0.15,1.24,2.4,0.0,0.0,0.02,0.0,0.79,0.68,0.88,0.0,1.58,0.0,0.26,1.0,0.0,1.0,0.0,0.0,1.0,0.0,0.0,0.0,0.0,1.0,0.0,0.0,1.0,0.0,0.0,0.0,0.0
23,24,0.767,0.88,1,0.118926,0.128163,-0.984597,-0.11864,0.226658,-0.966722,0.0,0.18,22.5,-20.4,411.8,0.035,0.104,0.0,0.42,0.1,2.45,0.12,1.23,2.25,0.0,0.03,0.05,0.0,0.65,0.58,0.89,0.0,1.39,0.0,0.22,1.0,0.0,1.0,0.0,0.0,1.0,0.0,0.0,0.0,0.0,1.0,0.0,0.0,1.0,0.0,0.0,0.0,0.0
24,25,0.8,0.88,1,0.094053,0.112188,-0.989226,-0.097423,0.220114,-0.970597,-0.002,0.168,22.8,-20.0,410.9,0.004,0.115,0.005,0.23,0.01,2.41,0.19,1.19,2.15,0.0,0.15,0.1,0.09,0.39,0.58,1.19,0.0,1.3,0.0,0.29,1.0,0.0,1.0,0.0,0.0,1.0,0.0,0.0,0.0,0.0,1.0,0.0,0.0,1.0,0.0,0.0,0.0,0.0
25,26,0.833,0.88,1,0.088158,0.083448,-0.992605,-0.108122,0.200506,-0.973708,-0.01,0.143,23.3,-19.4,408.8,-0.031,0.13,0.006,0.07,0.01,2.35,0.27,1.22,2.32,0.0,0.33,0.15,0.2,0.27,0.55,1.08,0.0,1.13,0.0,0.33,1.0,0.0,1.0,0.0,0.0,1.0,0.0,0.0,0.0,0.0,1.0,0.0,0.0,1.0,0.0,0.0,0.0,0.0
26,27,0.867,0.88,1,0.046722,0.123585,-0.991233,-0.117641,0.202198,-0.972253,-0.036,0.164,23.7,-18.9,408.3,-0.039,0.141,0.009,0.05,0.0,2.36,0.28,1.31,2.37,0.0,0.5,0.18,0.32,0.33,0.62,0.7,0.0,0.86,0.0,0.48,1.0,0.0,1.0,0.0,0.0,1.0,0.0,0.0,0.0,0.0,1.0,0.0,0.0,1.0,0.0,0.0,0.0,0.0
27,28,0.9,0.98,1,0.041781,0.065132,-0.997002,-0.127196,0.164877,-0.978078,-0.043,0.116,24.1,-18.4,408.0,-0.07,0.148,0.012,0.02,0.0,2.33,0.26,1.36,2.27,0.0,0.64,0.26,0.55,0.33,0.65,0.34,0.0,0.66,0.0,0.43,1.0,0.0,1.0,0.0,0.0,1.0,0.0,0.0,0.0,0.0,1.0,0.0,0.0,1.0,0.0,0.0,0.0,0.0
28,29,0.933,0.88,1,0.06412,0.06869,-0.995575,-0.154544,0.153079,-0.976055,-0.046,0.112,24.4,-18.1,406.6,-0.089,0.156,0.019,0.02,0.0,2.35,0.27,1.4,2.03,0.0,0.64,0.29,0.8,0.43,0.76,0.07,0.0,0.53,0.0,0.36,1.0,0.0,1.0,0.0,0.0,1.0,0.0,0.0,0.0,0.0,1.0,0.0,0.0,1.0,0.0,0.0,0.0,0.0
29,30,0.967,0.88,1,0.051225,0.068705,-0.996321,-0.158776,0.140248,-0.977303,-0.054,0.105,24.4,-17.9,405.3,-0.103,0.158,0.028,0.0,0.0,2.37,0.22,1.35,1.76,0.0,0.66,0.38,1.0,0.24,0.82,0.17,0.0,0.46,0.0,0.14,1.0,0.0,1.0,0.0,0.0,1.0,0.0,0.0,0.0,0.0,1.0,0.0,0.0,1.0,0.0,0.0,0.0,0.0
30,31,1.0,0.88,1,0.089047,0.050786,-0.994732,-0.103076,0.127689,-0.986444,-0.007,0.09,24.4,-17.6,405.9,-0.11,0.154,0.03,0.05,0.0,2.43,0.13,1.36,1.77,0.0,0.63,0.37,1.03,0.23,0.77,0.19,0.0,0.47,0.0,0.04,1.0,0.0,1.0,0.0,0.0,1.0,0.0,0.0,0.0,0.0,1.0,0.0,0.0,1.0,0.0,1.0,0.0,0.0
31,32,1.033,0.88,1,0.116137,0.06051,-0.991388,-0.100829,0.122864,-0.987288,0.008,0.092,24.4,-17.5,405.9,-0.117,0.154,0.032,0.14,0.0,2.55,0.06,1.33,1.8,0.0,0.72,0.4,0.97,0.1,0.69,0.19,0.0,0.37,0.0,0.02,1.0,0.0,1.0,0.0,0.0,1.0,0.0,0.0,0.0,0.0,0.0,0.0,0.0,1.0,0.0,1.0,0.0,0.0
32,33,1.067,0.88,1,0.114404,0.052131,-0.992066,-0.126733,0.115594,-0.985179,-0.006,0.085,24.5,-17.4,406.9,-0.118,0.152,0.032,0.27,0.0,2.67,0.04,1.38,2.17,0.0,0.74,0.4,0.98,0.12,0.61,0.09,0.0,0.3,0.0,0.0,1.0,1.0,1.0,0.0,0.0,1.0,0.0,0.0,0.0,0.0,0.0,0.0,0.0,1.0,0.0,1.0,0.0,0.0
33,34,1.1,0.88,1,0.101741,0.05484,-0.993298,-0.131015,0.118482,-0.984275,-0.015,0.087,24.6,-17.3,407.5,-0.117,0.15,0.033,0.27,0.0,2.7,0.04,1.39,2.49,0.0,0.81,0.43,0.91,0.21,0.53,0.03,0.0,0.11,0.0,0.0,1.0,1.0,1.0,0.0,0.0,1.0,0.0,0.0,0.0,0.0,0.0,0.0,0.0,1.0,0.0,1.0,0.0,0.0
34,35,1.133,0.88,1,0.023084,0.082911,-0.99629,-0.143969,0.043492,-0.988626,-0.061,0.064,24.6,-17.2,409.0,-0.111,0.156,0.034,0.23,0.0,2.67,0.0,1.42,2.68,0.0,0.84,0.46,0.92,0.22,0.53,0.1,0.0,0.11,0.0,0.0,1.0,1.0,1.0,0.0,0.0,1.0,0.0,0.0,0.0,0.0,0.0,0.0,0.0,1.0,0.0,1.0,0.0,0.0
35,36,1.167,0.88,1,0.024022,0.069807,-0.997271,-0.148565,0.05182,-0.987544,-0.063,0.061,24.6,-17.2,408.9,-0.115,0.157,0.033,0.18,0.0,2.55,0.0,1.43,2.63,0.0,0.86,0.47,0.87,0.27,0.59,0.1,0.0,0.19,0.0,0.01,1.0,1.0,1.0,0.0,0.0,1.0,0.0,0.0,0.0,0.0,0.0,0.0,0.0,1.0,0.0,1.0,0.0,0.0
36,37,1.2,0.88,1,0.004226,0.056571,-0.99839,-0.126235,0.127264,-0.983803,-0.061,0.092,24.7,-16.7,408.3,-0.116,0.152,0.034,0.15,0.0,2.54,0.01,1.4,2.5,0.0,0.81,0.51,0.89,0.25,0.69,0.15,0.0,0.38,0.0,0.18,1.0,1.0,1.0,0.0,0.0,1.0,0.0,0.0,0.0,0.0,0.0,0.0,0.0,1.0,0.0,1.0,0.0,0.0
37,38,1.233,0.88,1,0.017922,0.030192,-0.999383,-0.086056,0.123486,-0.988608,-0.034,0.077,24.8,-16.5,410.8,-0.124,0.158,0.036,0.23,0.0,2.57,0.02,1.41,2.39,0.0,0.75,0.55,0.88,0.21,0.74,0.22,0.0,0.5,0.0,0.22,1.0,1.0,1.0,0.0,0.0,1.0,0.0,0.0,0.0,0.0,0.0,0.0,0.0,1.0,0.0,1.0,0.0,0.0
38,39,1.267,0.88,1,0.043353,0.038425,-0.998321,-0.081364,0.127802,-0.988457,-0.019,0.083,24.5,-16.3,409.2,-0.117,0.149,0.035,0.35,0.0,2.64,0.02,1.4,2.34,0.0,0.75,0.56,0.91,0.1,0.62,0.32,0.0,0.52,0.0,0.36,1.0,1.0,1.0,0.0,0.0,1.0,0.0,0.0,0.0,0.0,0.0,0.0,0.0,1.0,0.0,1.0,0.0,0.0
39,40,1.3,0.88,1,0.060685,0.014248,-0.998055,-0.07558,0.129724,-0.988665,-0.007,0.072,24.1,-16.1,409.2,-0.115,0.15,0.032,0.41,0.0,2.61,0.01,1.45,2.28,0.0,0.7,0.56,0.92,0.0,0.64,0.46,0.0,0.55,0.0,0.27,1.0,1.0,1.0,0.0,0.0,1.0,0.0,0.0,0.0,0.0,0.0,0.0,0.0,1.0,0.0,1.0,0.0,0.0
40,41,1.333,0.88,1,0.031887,0.01415,-0.999391,-0.054004,0.135689,-0.989278,-0.011,0.075,23.7,-15.9,408.0,-0.111,0.144,0.032,0.39,0.0,2.61,0.0,1.49,2.32,0.0,0.68,0.53,0.81,0.08,0.58,0.35,0.0,0.46,0.0,0.3,1.0,1.0,1.0,0.0,0.0,1.0,0.0,0.0,0.0,0.0,0.0,0.0,0.0,1.0,0.0,1.0,0.0,0.0
41,42,1.367,0.88,1,0.034187,0.011455,-0.99935,-0.055485,0.137624,-0.988929,-0.011,0.075,23.3,-15.8,407.6,-0.111,0.143,0.031,0.31,0.01,2.65,0.0,1.54,2.43,0.0,0.64,0.54,0.76,0.14,0.6,0.27,0.0,0.39,0.0,0.16,1.0,1.0,1.0,0.0,0.0,1.0,0.0,0.0,0.0,0.0,0.0,0.0,0.0,1.0,0.0,1.0,0.0,0.0
42,43,1.4,0.88,1,0.028324,0.028572,-0.99919,-0.087405,0.122617,-0.988598,-0.03,0.076,22.8,-16.1,407.9,-0.116,0.153,0.031,0.27,0.01,2.7,0.0,1.53,2.44,0.0,0.59,0.53,0.74,0.23,0.69,0.19,0.0,0.38,0.0,0.08,1.0,1.0,1.0,0.0,0.0,1.0,0.0,0.0,0.0,0.0,1.0,0.0,0.0,1.0,0.0,1.0,0.0,0.0
43,44,1.433,0.88,1,0.03499,0.011574,-0.999321,-0.076208,0.120302,-0.989808,-0.021,0.066,22.2,-16.3,407.7,-0.116,0.153,0.029,0.18,0.01,2.74,0.0,1.52,2.44,0.0,0.58,0.5,0.85,0.29,0.76,0.36,0.0,0.37,0.0,0.02,1.0,1.0,1.0,0.0,0.0,1.0,0.0,0.0,0.0,0.0,1.0,0.0,0.0,1.0,0.0,1.0,0.0,0.0
44,45,1.467,0.88,1,0.040581,0.016426,-0.999041,-0.068127,0.123485,-0.990005,-0.014,0.07,21.5,-16.4,406.9,-0.115,0.153,0.026,0.15,0.0,2.77,0.0,1.52,2.47,0.0,0.53,0.48,0.88,0.29,0.9,0.52,0.0,0.42,0.0,0.11,1.0,1.0,1.0,0.0,0.0,1.0,0.0,0.0,0.0,0.0,1.0,1.0,0.0,1.0,0.0,1.0,0.0,0.0
45,46,1.5,0.88,1,0.04269,0.019944,-0.998889,-0.063691,0.12349,-0.9903,-0.011,0.072,20.8,-16.4,405.9,-0.112,0.155,0.024,0.23,0.0,2.85,0.0,1.5,2.6,0.0,0.63,0.43,0.93,0.38,0.82,0.41,0.0,0.33,0.0,0.11,1.0,1.0,1.0,0.0,0.0,1.0,0.0,0.0,0.0,0.0,1.0,1.0,0.0,1.0,0.0,1.0,0.0,0.0
46,47,1.533,0.88,1,0.037426,0.012276,-0.999224,-0.073465,0.122363,-0.989763,-0.018,0.068,20.1,-16.4,405.5,-0.115,0.155,0.022,0.26,0.0,2.91,0.0,1.49,2.69,0.0,0.68,0.44,0.94,0.44,0.82,0.2,0.0,0.36,0.0,0.15,1.0,1.0,1.0,0.0,0.0,1.0,0.0,0.0,0.0,0.0,1.0,1.0,0.0,1.0,0.0,0.0,0.0,0.0
47,48,1.567,0.88,1,0.035341,0.014952,-0.999263,-0.076966,0.123063,-0.98941,-0.021,0.069,19.5,-16.4,405.6,-0.117,0.159,0.019,0.24,0.0,2.98,0.02,1.46,2.79,0.0,0.75,0.43,1.0,0.55,0.78,0.0,0.0,0.36,0.0,0.09,1.0,1.0,1.0,0.0,0.0,1.0,0.0,0.0,0.0,0.0,1.0,1.0,0.0,1.0,0.0,0.0,0.0,0.0
48,49,1.6,0.88,1,0.029603,0.007341,-0.999535,-0.071504,0.133409,-0.988478,-0.021,0.071,18.9,-16.3,404.8,-0.115,0.159,0.015,0.14,0.0,3.11,0.02,1.51,3.02,0.0,0.77,0.44,1.06,0.58,0.73,0.0,0.0,0.44,0.0,0.13,1.0,1.0,1.0,0.0,0.0,1.0,0.0,0.0,0.0,0.0,1.0,1.0,0.0,1.0,0.0,0.0,0.0,0.0
49,50,1.633,0.88,1,0.023341,0.020876,-0.99951,-0.072853,0.135839,-0.988049,-0.025,0.079,18.2,-16.1,403.6,-0.117,0.16,0.013,0.09,0.0,3.12,0.02,1.52,3.24,0.0,0.85,0.48,1.14,0.52,0.62,0.0,0.0,0.53,0.0,0.11,1.0,1.0,1.0,0.0,0.0,1.0,0.0,0.0,0.0,0.0,1.0,1.0,0.0,1.0,0.0,0.0,0.0,0.0
50,51,1.667,0.88,1,-0.022804,0.126259,-0.991735,-0.094471,0.154196,-0.983513,-0.059,0.141,18.0,-15.9,404.2,-0.103,0.162,0.014,0.07,0.0,3.16,0.0,1.56,3.38,0.0,0.96,0.55,1.18,0.64,0.54,0.0,0.0,0.7,0.0,0.11,1.0,1.0,1.0,0.0,0.0,1.0,0.0,0.0,0.0,0.0,1.0,0.0,0.0,1.0,0.0,0.0,0.0,0.0
51,52,1.7,0.88,1,-0.030528,0.125402,-0.991636,-0.084948,0.159405,-0.983552,-0.058,0.143,17.5,-15.8,403.7,-0.098,0.158,0.014,0.09,0.0,3.06,0.0,1.51,3.39,0.0,1.1,0.62,1.22,0.78,0.49,0.0,0.0,0.8,0.0,0.08,1.0,1.0,1.0,0.0,0.0,1.0,0.0,0.0,0.0,0.0,1.0,0.0,0.0,1.0,0.0,0.0,0.0,0.0
52,53,1.733,0.88,1,-0.033194,0.127788,-0.991246,-0.077879,0.162683,-0.9836,-0.056,0.146,17.3,-15.7,403.6,-0.097,0.156,0.012,0.17,0.03,3.15,0.0,1.52,3.54,0.0,1.2,0.66,1.26,0.99,0.55,0.0,0.0,0.78,0.0,0.06,1.0,0.0,1.0,0.0,0.0,1.0,0.0,0.0,0.0,0.0,1.0,0.0,0.0,1.0,0.0,0.0,0.0,0.0
53,54,1.767,0.88,1,-0.014215,0.130609,-0.991332,-0.090565,0.167343,-0.98173,-0.053,0.15,16.8,-15.7,402.2,-0.096,0.157,0.011,0.21,0.03,3.2,0.0,1.54,3.63,0.0,1.29,0.68,1.37,1.07,0.6,0.0,0.0,0.76,0.0,0.01,1.0,0.0,1.0,0.0,0.0,1.0,0.0,0.0,0.0,0.0,1.0,0.0,0.0,1.0,0.0,0.0,0.0,0.0
54,55,1.8,0.88,1,-0.044512,0.140406,-0.989093,-0.105765,0.167313,-0.980214,-0.076,0.155,16.4,-15.4,401.5,-0.091,0.156,0.01,0.2,0.03,3.27,0.0,1.65,3.62,0.0,1.38,0.71,1.42,1.08,0.55,0.0,0.0,0.68,0.0,0.0,1.0,0.0,1.0,0.0,0.0,1.0,0.0,0.0,0.0,0.0,1.0,0.0,0.0,1.0,0.0,0.0,0.0,0.0
55,56,1.833,0.98,1,-0.040967,0.120873,-0.991822,-0.173307,0.169632,-0.970149,-0.109,0.147,15.7,-15.1,400.9,-0.083,0.15,0.002,0.19,0.0,3.21,0.0,1.68,3.32,0.0,1.38,0.73,1.43,1.14,0.44,0.0,0.0,0.78,0.0,0.02,1.0,0.0,1.0,0.0,0.0,1.0,0.0,0.0,0.0,0.0,1.0,0.0,0.0,1.0,0.0,0.0,0.0,0.0
56,57,1.867,0.88,1,0.012414,0.074565,-0.997139,-0.162784,0.168424,-0.97218,-0.076,0.123,15.1,-14.6,400.1,-0.083,0.142,-0.003,0.14,0.0,3.17,0.0,1.71,3.04,0.0,1.46,0.71,1.42,1.11,0.25,0.0,0.0,0.78,0.0,0.02,1.0,0.0,1.0,0.0,1.0,1.0,0.0,0.0,0.0,0.0,1.0,0.0,0.0,1.0,0.0,0.0,0.0,0.0
57,58,1.9,0.98,1,0.00288,0.126348,-0.991982,-0.155865,0.183352,-0.970612,-0.078,0.157,14.9,-14.2,400.3,-0.075,0.147,-0.001,0.1,0.0,3.23,0.0,1.74,2.94,0.0,1.44,0.68,1.38,0.78,0.2,0.0,0.0,0.74,0.0,0.02,1.0,0.0,1.0,0.0,1.0,1.0,0.0,0.0,0.0,0.0,1.0,0.0,0.0,1.0,0.0,0.0,0.0,0.0
58,59,1.933,0.98,1,0.000866,0.118138,-0.992997,-0.160749,0.183162,-0.969851,-0.081,0.152,14.4,-13.8,400.1,-0.077,0.145,-0.001,0.08,0.01,3.3,0.0,1.75,2.92,0.0,1.48,0.71,1.45,0.41,0.21,0.0,0.06,0.72,0.0,0.0,1.0,0.0,1.0,0.0,1.0,1.0,0.0,0.0,0.0,0.0,0.0,0.0,0.0,1.0,0.0,0.0,0.0,0.0
59,60,1.967,0.98,1,0.052418,0.092395,-0.994342,-0.160747,0.193784,-0.967785,-0.055,0.145,13.8,-13.4,397.3,-0.073,0.135,-0.005,0.12,0.01,3.3,0.0,1.8,2.83,0.0,1.51,0.71,1.44,0.13,0.23,0.0,0.13,0.69,0.0,0.0,1.0,0.0,1.0,0.0,1.0,1.0,0.0,0.0,0.0,0.0,0.0,0.0,0.0,1.0,0.0,0.0,0.0,0.0
60,61,2.0,0.98,1,0.059801,0.086215,-0.99448,-0.158099,0.202728,-0.966388,-0.05,0.146,13.3,-13.3,397.8,-0.074,0.137,-0.008,0.15,0.02,3.31,0.0,1.76,2.7,0.0,1.5,0.71,1.34,0.08,0.29,0.0,0.15,0.56,0.0,0.0,1.0,0.0,1.0,0.0,1.0,1.0,0.0,0.0,0.0,0.0,0.0,0.0,0.0,1.0,0.0,0.0,0.0,0.0
61,62,2.033,0.98,1,0.068255,0.103669,-0.992267,-0.134971,0.214219,-0.967416,-0.034,0.161,12.9,-13.1,396.4,-0.069,0.133,-0.01,0.17,0.13,3.37,0.0,1.79,2.6,0.0,1.48,0.65,1.23,0.04,0.27,0.0,0.14,0.42,0.13,0.0,1.0,0.0,1.0,0.0,1.0,1.0,0.0,0.0,0.0,0.0,0.0,0.0,0.0,1.0,0.0,0.0,0.0,0.0
62,63,2.067,0.98,1,0.098978,0.095086,-0.990536,-0.15934,0.204888,-0.965729,-0.031,0.152,12.4,-13.0,397.0,-0.07,0.135,-0.012,0.16,0.13,3.42,0.0,1.74,2.54,0.0,1.33,0.66,1.21,0.0,0.32,0.0,0.08,0.32,0.4,0.0,1.0,0.0,1.0,0.0,1.0,1.0,0.0,0.0,0.0,0.0,0.0,0.0,0.0,1.0,0.0,0.0,0.0,0.0
63,64,2.1,0.98,1,0.075604,0.106315,-0.991454,-0.176915,0.206691,-0.962278,-0.052,0.159,12.1,-12.9,396.8,-0.069,0.133,-0.012,0.18,0.16,3.43,0.0,1.7,2.39,0.0,1.31,0.62,1.39,0.0,0.3,0.0,0.06,0.42,0.55,0.0,1.0,0.0,1.0,0.0,1.0,1.0,0.0,0.0,0.0,0.0,0.0,0.0,0.0,1.0,0.0,0.0,0.0,0.0
64,65,2.133,0.98,1,0.077918,0.086411,-0.993208,-0.181919,0.201679,-0.962409,-0.053,0.146,11.9,-12.8,397.0,-0.072,0.135,-0.013,0.1,0.05,3.41,0.0,1.75,2.6,0.0,1.4,0.62,1.33,0.0,0.28,0.04,0.01,0.32,0.53,0.0,1.0,0.0,1.0,0.0,1.0,1.0,0.0,0.0,0.0,0.0,0.0,0.0,0.0,1.0,0.0,0.0,0.0,0.0
65,66,2.167,0.98,1,0.097291,0.122776,-0.987654,-0.160122,0.210624,-0.964364,-0.032,0.169,11.7,-13.0,395.2,-0.063,0.131,-0.015,0.05,0.04,3.42,0.0,1.81,2.77,0.0,1.53,0.57,1.18,0.0,0.24,0.04,0.0,0.2,0.27,0.0,1.0,0.0,1.0,0.0,1.0,1.0,0.0,0.0,0.0,0.0,0.0,0.0,0.0,1.0,0.0,0.0,0.0,0.0
66,67,2.2,0.98,1,0.111769,0.107798,-0.98787,-0.17036,0.210028,-0.962739,-0.03,0.162,11.5,-13.0,395.1,-0.065,0.131,-0.019,0.0,0.0,3.4,0.0,1.87,3.1,0.0,1.66,0.54,1.04,0.0,0.21,0.04,0.03,0.05,0.13,0.0,1.0,0.0,1.0,0.0,1.0,1.0,0.0,0.0,0.0,0.0,0.0,0.0,0.0,1.0,0.0,0.0,0.0,0.0
67,68,2.233,0.98,1,0.105747,0.126191,-0.986354,-0.183754,0.205084,-0.96134,-0.04,0.168,11.5,-12.9,393.7,-0.06,0.128,-0.019,0.0,0.0,3.39,0.0,1.81,3.14,0.0,1.64,0.53,1.13,0.0,0.17,0.01,0.09,0.05,0.17,0.0,0.0,0.0,1.0,0.0,1.0,1.0,0.0,0.0,0.0,0.0,0.0,0.0,0.0,1.0,0.0,0.0,0.0,0.0
68,69,2.267,0.98,1,0.084932,0.11847,-0.989319,-0.185773,0.203903,-0.961203,-0.052,0.164,11.6,-13.0,394.1,-0.06,0.13,-0.019,0.01,0.0,3.47,0.0,1.76,3.17,0.0,1.64,0.56,1.24,0.0,0.18,0.03,0.1,0.13,0.28,0.0,0.0,0.0,1.0,0.0,1.0,1.0,0.0,0.0,0.0,0.0,0.0,0.0,0.0,1.0,0.0,0.0,0.0,0.0
69,70,2.3,0.98,1,-0.029295,0.124995,-0.991725,-0.160782,0.202741,-0.965943,-0.097,0.166,11.8,-13.4,395.1,-0.071,0.133,-0.017,0.01,0.0,3.48,0.0,1.79,3.18,0.0,1.63,0.59,1.35,0.0,0.1,0.03,0.11,0.21,0.41,0.0,0.0,0.0,1.0,0.0,1.0,1.0,0.0,1.0,0.0,0.0,0.0,0.0,0.0,1.0,0.0,0.0,0.0,0.0
70,71,2.333,0.98,1,-0.007871,0.127142,-0.991853,-0.161284,0.105777,-0.981223,-0.086,0.118,11.9,-13.6,395.8,-0.072,0.136,-0.019,0.01,0.0,3.47,0.0,1.84,3.16,0.0,1.7,0.64,1.33,0.0,0.08,0.02,0.06,0.19,0.42,0.0,0.0,0.0,1.0,0.0,1.0,1.0,0.0,0.0,0.0,0.0,0.0,0.0,0.0,1.0,0.0,0.0,0.0,0.0
71,72,2.367,0.98,1,0.014085,0.122924,-0.992316,-0.165039,0.105067,-0.980675,-0.076,0.115,11.9,-13.6,396.0,-0.069,0.136,-0.02,0.0,0.0,3.41,0.0,1.94,3.21,0.0,1.75,0.66,1.37,0.0,0.0,0.0,0.05,0.21,0.37,0.04,0.0,0.0,1.0,0.0,1.0,1.0,0.0,0.0,0.0,0.0,0.0,0.0,0.0,1.0,0.0,0.0,0.0,0.0
72,73,2.4,0.98,1,0.037299,0.107168,-0.993541,-0.171565,0.09293,-0.98078,-0.068,0.101,12.0,-13.7,396.3,-0.066,0.136,-0.021,0.0,0.0,3.39,0.0,1.91,3.11,0.0,1.76,0.69,1.28,0.0,0.0,0.0,0.0,0.2,0.36,0.06,0.0,0.0,1.0,0.0,1.0,1.0,0.0,0.0,0.0,0.0,0.0,0.0,0.0,1.0,0.0,0.0,0.0,0.0
73,74,2.433,0.98,1,-0.062224,0.130721,-0.989465,-0.170365,0.098634,-0.980432,-0.118,0.116,11.9,-13.6,396.3,-0.067,0.135,-0.022,0.0,0.0,3.45,0.0,1.9,3.0,0.0,1.71,0.69,1.32,0.0,0.0,0.0,0.0,0.23,0.3,0.08,0.0,0.0,1.0,0.0,1.0,1.0,0.0,0.0,0.0,0.0,0.0,0.0,0.0,1.0,0.0,0.0,0.0,0.0
74,75,2.467,0.98,1,-0.072413,0.130363,-0.988818,-0.157512,0.130419,-0.978867,-0.116,0.132,12.0,-13.6,397.5,-0.068,0.136,-0.023,0.0,0.0,3.46,0.0,1.9,2.95,0.0,1.68,0.71,1.19,0.0,0.0,0.0,0.0,0.2,0.35,0.08,0.0,0.0,1.0,0.0,1.0,1.0,0.0,0.0,0.0,0.0,0.0,0.0,0.0,1.0,0.0,0.0,0.0,0.0
75,76,2.5,0.98,1,-0.074156,0.130113,-0.988722,-0.158418,0.133668,-0.978282,-0.118,0.133,12.0,-13.6,397.3,-0.069,0.137,-0.023,0.0,0.0,3.46,0.0,1.93,2.98,0.0,1.69,0.71,1.07,0.0,0.0,0.0,0.0,0.19,0.35,0.23,0.0,0.0,1.0,0.0,1.0,1.0,0.0,0.0,0.0,0.0,0.0,0.0,0.0,1.0,0.0,0.0,0.0,0.0
76,77,2.533,0.98,1,-0.091939,0.142554,-0.985508,-0.152166,0.133802,-0.979256,-0.124,0.14,11.9,-13.6,397.5,-0.067,0.137,-0.024,0.0,0.0,3.37,0.0,1.95,3.02,0.0,1.72,0.72,0.88,0.0,0.06,0.0,0.0,0.21,0.42,0.33,0.0,0.0,1.0,0.0,1.0,1.0,0.0,0.0,0.0,0.0,0.0,0.0,0.0,1.0,0.0,0.0,0.0,0.0
77,78,2.567,0.98,1,-0.099064,0.139587,-0.985242,-0.15087,0.140563,-0.978509,-0.127,0.142,11.9,-13.5,397.7,-0.067,0.14,-0.024,0.0,0.0,3.29,0.0,1.92,3.09,0.0,1.7,0.69,0.79,0.0,0.06,0.0,0.0,0.18,0.37,0.36,0.0,0.0,1.0,0.0,1.0,1.0,0.0,0.0,0.0,0.0,0.0,0.0,0.0,1.0,0.0,0.0,0.0,0.0
78,79,2.6,0.98,1,-0.088952,0.133641,-0.98703,-0.159856,0.138458,-0.977382,-0.126,0.138,11.9,-13.5,398.0,-0.067,0.141,-0.024,0.0,0.0,3.29,0.0,1.92,3.12,0.0,1.71,0.69,0.73,0.0,0.06,0.0,0.0,0.17,0.37,0.3,0.0,0.0,1.0,0.0,1.0,1.0,0.0,0.0,0.0,0.0,0.0,0.0,0.0,1.0,0.0,0.0,0.0,0.0
79,80,2.633,0.98,1,-0.102663,0.134998,-0.985513,-0.158282,0.137618,-0.977757,-0.132,0.138,11.9,-13.5,397.9,-0.067,0.14,-0.024,0.0,0.0,3.32,0.0,1.95,3.14,0.01,1.67,0.67,0.72,0.0,0.03,0.0,0.0,0.18,0.3,0.31,0.0,0.0,1.0,0.0,1.0,1.0,0.0,0.0,0.0,0.0,0.0,0.0,0.0,1.0,0.0,0.0,0.0,0.0
80,81,2.667,0.98,1,-0.11442,0.138238,-0.983767,-0.146579,0.142206,-0.978924,-0.132,0.142,12.0,-13.4,397.6,-0.066,0.139,-0.024,0.0,0.0,3.31,0.0,2.0,3.12,0.01,1.61,0.64,0.75,0.0,0.03,0.0,0.0,0.16,0.35,0.37,0.0,0.0,1.0,0.0,1.0,1.0,0.0,0.0,0.0,0.0,0.0,0.0,0.0,1.0,0.0,0.0,0.0,0.0
81,82,2.7,0.98,1,-0.102318,0.136489,-0.985344,-0.153215,0.134057,-0.979058,-0.129,0.137,12.1,-13.4,398.8,-0.069,0.139,-0.023,0.0,0.0,3.34,0.0,2.03,3.11,0.01,1.53,0.59,0.83,0.0,0.03,0.0,0.0,0.16,0.32,0.36,0.0,0.0,1.0,0.0,1.0,1.0,0.0,0.0,0.0,0.0,0.0,0.0,0.0,1.0,0.0,0.0,0.0,0.0
82,83,2.733,0.98,1,-0.098402,0.131175,-0.986464,-0.125937,0.122167,-0.984487,-0.113,0.128,12.2,-13.4,398.5,-0.069,0.137,-0.023,0.0,0.02,3.31,0.0,2.02,3.1,0.03,1.57,0.56,1.04,0.06,0.01,0.0,0.02,0.17,0.42,0.3,0.0,0.0,1.0,0.0,1.0,1.0,0.0,0.0,0.0,0.0,0.0,0.0,0.0,1.0,0.0,0.0,0.0,0.0
83,84,2.767,0.98,1,-0.128492,0.13654,-0.982266,-0.116323,0.146547,-0.982341,-0.124,0.143,12.3,-13.4,395.6,-0.057,0.129,-0.022,0.0,0.02,3.24,0.0,2.04,3.18,0.07,1.64,0.59,1.22,0.06,0.0,0.0,0.05,0.22,0.42,0.17,0.0,0.0,1.0,0.0,1.0,1.0,0.0,0.0,0.0,0.0,0.0,0.0,0.0,1.0,0.0,0.0,0.0,0.0
84,85,2.8,0.98,1,-0.105478,0.119588,-0.987205,-0.109631,0.137936,-0.984355,-0.109,0.13,12.5,-13.5,395.4,-0.056,0.128,-0.022,0.0,0.02,3.18,0.0,2.06,3.28,0.07,1.7,0.62,1.26,0.11,0.03,0.0,0.06,0.28,0.35,0.06,0.0,0.0,1.0,0.0,1.0,1.0,0.0,1.0,0.0,0.0,0.0,0.0,0.0,1.0,0.0,0.0,0.0,0.0
85,86,2.833,0.98,1,-0.091851,0.114756,-0.989138,-0.110754,0.137999,-0.98422,-0.102,0.127,12.6,-13.5,395.7,-0.06,0.131,-0.022,0.0,0.0,3.12,0.0,2.11,3.38,0.04,1.76,0.67,1.24,0.15,0.05,0.0,0.06,0.32,0.21,0.0,0.0,0.0,1.0,0.0,1.0,1.0,0.0,1.0,0.0,0.0,0.0,0.0,0.0,1.0,0.0,0.0,0.0,0.0
86,87,2.867,0.98,1,-0.092634,0.110731,-0.989524,-0.116421,0.133191,-0.984229,-0.106,0.123,12.7,-13.5,395.4,-0.061,0.132,-0.023,0.0,0.0,3.14,0.0,2.11,3.29,0.0,1.82,0.68,1.19,0.22,0.08,0.0,0.05,0.33,0.17,0.0,0.0,0.0,1.0,0.0,1.0,1.0,0.0,1.0,0.0,0.0,0.0,0.0,0.0,1.0,0.0,0.0,0.0,0.0
87,88,2.9,0.98,1,-0.086027,0.100465,-0.991214,-0.117031,0.134244,-0.984013,-0.102,0.118,12.7,-13.5,395.2,-0.061,0.131,-0.023,0.0,0.0,3.12,0.0,2.11,3.25,0.0,1.87,0.68,1.26,0.25,0.06,0.0,0.05,0.34,0.19,0.0,0.0,0.0,1.0,0.0,1.0,1.0,0.0,1.0,0.0,0.0,0.0,0.0,0.0,1.0,0.0,0.0,0.0,0.0
88,89,2.933,0.98,1,-0.076674,0.103861,-0.991632,-0.116853,0.134557,-0.983992,-0.098,0.12,12.7,-13.5,395.1,-0.061,0.133,-0.023,0.0,0.0,3.19,0.0,2.09,3.26,0.0,1.87,0.65,1.22,0.19,0.05,0.0,0.03,0.31,0.22,0.0,0.0,0.0,1.0,0.0,1.0,1.0,0.0,1.0,0.0,0.0,0.0,0.0,0.0,1.0,0.0,0.0,0.0,0.0
89,90,2.967,0.98,1,-0.068182,0.106967,-0.991922,-0.108449,0.138449,-0.984414,-0.089,0.124,12.8,-13.4,395.7,-0.06,0.132,-0.023,0.0,0.0,3.27,0.0,2.05,3.37,0.0,1.88,0.65,1.27,0.14,0.06,0.0,0.04,0.26,0.11,0.0,0.0,0.0,1.0,0.0,1.0,1.0,0.0,1.0,0.0,0.0,0.0,0.0,0.0,1.0,0.0,0.0,0.0,0.0
90,91,3.0,0.98,1,-0.060627,0.117816,-0.991183,-0.104976,0.135572,-0.985191,-0.084,0.128,12.8,-13.3,396.1,-0.059,0.135,-0.022,0.0,0.0,3.3,0.0,2.03,3.31,0.0,1.94,0.66,1.18,0.06,0.11,0.0,0.04,0.19,0.13,0.0,0.0,0.0,1.0,0.0,1.0,1.0,0.0,1.0,0.0,0.0,0.0,0.0,0.0,1.0,0.0,0.0,0.0,0.0
91,92,3.033,0.98,1,-0.049581,0.114624,-0.992171,-0.072425,0.129442,-0.988939,-0.062,0.123,12.8,-13.2,396.2,-0.062,0.132,-0.022,0.01,0.0,3.32,0.0,1.99,3.31,0.0,1.95,0.67,1.23,0.12,0.11,0.0,0.03,0.09,0.1,0.11,0.0,0.0,1.0,0.0,1.0,1.0,0.0,1.0,0.0,0.0,0.0,0.0,0.0,1.0,0.0,0.0,0.0,0.0
92,93,3.067,0.98,1,-0.035737,0.091743,-0.995141,-0.055144,0.109886,-0.992413,-0.046,0.101,12.9,-13.1,397.8,-0.066,0.138,-0.021,0.01,0.0,3.27,0.0,1.98,3.32,0.02,1.96,0.68,1.11,0.11,0.08,0.0,0.01,0.08,0.29,0.11,0.0,0.0,1.0,0.0,1.0,1.0,0.0,1.0,0.0,0.0,0.0,0.0,0.0,1.0,0.0,0.0,0.0,0.0
93,94,3.1,0.98,1,-0.071126,0.118956,-0.990349,-0.078893,0.116778,-0.99002,-0.076,0.118,12.8,-12.9,396.4,-0.063,0.134,-0.021,0.03,0.0,3.23,0.0,1.94,3.34,0.02,1.9,0.68,1.06,0.22,0.05,0.0,0.0,0.1,0.24,0.11,0.0,0.0,1.0,0.0,1.0,1.0,0.0,1.0,0.0,0.0,0.0,0.0,0.0,1.0,0.0,0.0,0.0,0.0
94,95,3.133,0.98,1,-0.082979,0.109854,-0.990478,-0.148651,0.066816,-0.98663,-0.117,0.089,12.8,-12.7,396.3,-0.06,0.133,-0.021,0.09,0.0,3.16,0.0,1.93,3.34,0.02,1.8,0.7,0.92,0.12,0.13,0.0,0.02,0.18,0.29,0.0,0.0,0.0,1.0,0.0,1.0,1.0,0.0,1.0,0.0,0.0,0.0,0.0,0.0,1.0,0.0,0.0,0.0,0.0
95,96,3.167,0.98,1,-0.077565,0.045256,-0.99596,-0.141526,0.076826,-0.986949,-0.11,0.061,12.8,-12.6,398.4,-0.06,0.132,-0.021,0.09,0.0,3.1,0.0,1.94,3.43,0.0,1.69,0.71,0.84,0.12,0.2,0.0,0.02,0.17,0.29,0.0,0.0,0.0,1.0,0.0,1.0,1.0,0.0,1.0,0.0,0.0,0.0,0.0,0.0,1.0,0.0,0.0,0.0,0.0
96,97,3.2,0.98,1,0.02243,0.072491,-0.997117,-0.151513,0.120848,-0.98104,-0.065,0.097,12.7,-12.4,398.2,-0.064,0.129,-0.021,0.07,0.0,3.07,0.0,1.98,3.58,0.0,1.68,0.73,0.88,0.01,0.17,0.0,0.02,0.18,0.36,0.0,0.0,0.0,1.0,0.0,1.0,1.0,0.0,1.0,0.0,0.0,0.0,0.0,0.0,1.0,0.0,0.0,0.0,0.0
97,98,3.233,0.98,1,-0.015765,0.073932,-0.997139,-0.153299,0.138047,-0.97849,-0.085,0.107,12.7,-12.3,397.5,-0.062,0.129,-0.021,0.0,0.0,3.0,0.0,2.02,3.62,0.0,1.75,0.73,0.84,0.01,0.08,0.0,0.0,0.14,0.27,0.0,0.0,0.0,1.0,0.0,1.0,1.0,0.0,1.0,0.0,0.0,0.0,0.0,0.0,1.0,0.0,0.0,0.0,0.0
98,99,3.267,0.98,1,0.011137,0.073701,-0.997218,-0.149625,0.136642,-0.979255,-0.07,0.106,12.7,-12.3,398.6,-0.062,0.131,-0.02,0.03,0.0,3.0,0.0,2.03,3.55,0.01,1.79,0.72,0.8,0.02,0.01,0.0,0.0,0.13,0.13,0.0,0.0,0.0,1.0,0.0,1.0,1.0,0.0,0.0,0.0,0.0,0.0,0.0,0.0,1.0,0.0,0.0,0.0,0.0
99,100,3.3,0.98,1,0.012067,0.072267,-0.997312,-0.152397,0.135541,-0.978981,-0.071,0.105,12.7,-12.3,398.4,-0.062,0.131,-0.02,0.09,0.0,2.99,0.0,2.01,3.57,0.01,1.74,0.76,0.76,0.02,0.0,0.0,0.0,0.1,0.09,0.0,0.0,0.0,1.0,0.0,1.0,1.0,0.0,1.0,0.0,0.0,0.0,0.0,0.0,1.0,0.0,0.0,0.0,0.0
100,101,3.333,0.98,1,-0.014368,0.069767,-0.99746,-0.151264,0.13082,-0.979799,-0.084,0.101,12.6,-12.3,399.0,-0.065,0.132,-0.02,0.12,0.0,3.02,0.0,2.0,3.61,0.04,1.66,0.76,0.72,0.01,0.0,0.0,0.0,0.05,0.25,0.0,0.0,0.0,1.0,0.0,1.0,1.0,0.0,0.0,0.0,0.0,0.0,0.0,0.0,1.0,0.0,0.0,0.0,0.0
101,102,3.367,0.98,1,-0.047108,0.068629,-0.996529,-0.151743,0.131157,-0.97968,-0.1,0.101,12.6,-12.2,398.9,-0.064,0.133,-0.02,0.1,0.0,3.03,0.0,2.0,3.63,0.06,1.61,0.75,0.69,0.0,0.0,0.0,0.0,0.04,0.36,0.0,0.0,0.0,1.0,0.0,1.0,1.0,0.0,0.0,0.0,0.0,0.0,0.0,0.0,1.0,0.0,0.0,0.0,0.0
102,103,3.4,0.98,1,-0.009584,0.06336,-0.997945,-0.153139,0.129699,-0.979656,-0.082,0.097,12.5,-12.2,399.1,-0.067,0.134,-0.021,0.04,0.0,3.05,0.0,2.01,3.65,0.08,1.56,0.72,0.67,0.0,0.0,0.0,0.0,0.02,0.32,0.0,0.0,0.0,1.0,0.0,1.0,1.0,0.0,0.0,0.0,0.0,0.0,0.0,0.0,1.0,0.0,0.0,0.0,0.0
103,104,3.433,0.98,1,-0.039748,0.077687,-0.996185,-0.141907,0.133734,-0.980805,-0.092,0.107,12.5,-12.1,399.5,-0.067,0.134,-0.021,0.01,0.0,3.13,0.0,1.98,3.66,0.06,1.58,0.71,0.71,0.0,0.0,0.0,0.0,0.02,0.26,0.0,0.0,0.0,1.0,0.0,1.0,1.0,0.0,0.0,0.0,0.0,0.0,0.0,0.0,1.0,0.0,0.0,0.0,0.0
104,105,3.467,0.98,1,-0.038948,0.09075,-0.995112,-0.143853,0.138522,-0.979856,-0.092,0.116,12.4,-12.1,399.2,-0.064,0.132,-0.022,0.0,0.0,3.19,0.0,1.96,3.73,0.04,1.61,0.69,0.75,0.0,0.0,0.0,0.0,0.03,0.22,0.0,0.0,0.0,1.0,0.0,1.0,1.0,0.0,0.0,0.0,0.0,0.0,0.0,0.0,1.0,0.0,0.0,0.0,0.0
105,106,3.5,0.98,1,-0.043348,0.088172,-0.995162,-0.145343,0.141025,-0.979279,-0.095,0.116,12.4,-12.1,399.4,-0.064,0.133,-0.022,0.0,0.0,3.21,0.0,1.95,3.71,0.03,1.64,0.7,0.7,0.0,0.04,0.0,0.0,0.06,0.36,0.0,0.0,0.0,1.0,0.0,1.0,1.0,0.0,0.0,0.0,0.0,0.0,0.0,0.0,1.0,0.0,0.0,0.0,0.0
106,107,3.533,0.98,1,-0.044978,0.084882,-0.995375,-0.144503,0.140724,-0.979447,-0.096,0.114,12.4,-12.1,399.5,-0.064,0.134,-0.022,0.0,0.0,3.12,0.0,1.92,3.65,0.02,1.63,0.71,0.73,0.0,0.06,0.0,0.01,0.12,0.48,0.0,0.0,0.0,1.0,0.0,1.0,1.0,0.0,0.0,0.0,0.0,0.0,0.0,0.0,1.0,0.0,0.0,0.0,0.0
107,108,3.567,0.98,1,-0.04694,0.086205,-0.995171,-0.15902,0.138961,-0.977447,-0.104,0.114,12.4,-12.1,399.2,-0.064,0.134,-0.022,0.0,0.0,3.07,0.0,1.94,3.66,0.0,1.64,0.75,0.74,0.0,0.09,0.0,0.02,0.15,0.54,0.0,0.0,0.0,1.0,0.0,1.0,1.0,0.0,0.0,0.0,0.0,0.0,0.0,0.0,1.0,0.0,0.0,0.0,0.0
108,109,3.6,0.98,1,-0.033056,0.108153,-0.993585,-0.151835,0.141628,-0.978206,-0.093,0.126,12.4,-12.1,399.3,-0.064,0.133,-0.022,0.0,0.0,3.07,0.0,1.97,3.58,0.0,1.68,0.71,0.81,0.0,0.05,0.0,0.02,0.14,0.5,0.0,0.0,0.0,1.0,0.0,1.0,1.0,0.0,0.0,0.0,0.0,0.0,0.0,0.0,1.0,0.0,0.0,0.0,0.0
109,110,3.633,0.98,1,-0.033216,0.097484,-0.994683,-0.165616,0.138028,-0.976483,-0.101,0.119,12.3,-12.1,398.8,-0.063,0.132,-0.021,0.0,0.0,3.14,0.0,2.02,3.61,0.02,1.71,0.67,0.8,0.0,0.03,0.01,0.01,0.07,0.39,0.0,0.0,0.0,1.0,0.0,1.0,1.0,0.0,0.0,0.0,0.0,0.0,0.0,0.0,1.0,0.0,0.0,0.0,0.0
110,111,3.667,0.98,1,-0.028725,0.093277,-0.995226,-0.153071,0.143041,-0.977808,-0.092,0.119,12.2,-12.1,398.7,-0.063,0.13,-0.021,0.0,0.0,3.21,0.0,2.01,3.52,0.02,1.72,0.66,0.85,0.0,0.0,0.01,0.01,0.04,0.31,0.0,0.0,0.0,1.0,0.0,1.0,1.0,0.0,0.0,0.0,0.0,0.0,0.0,0.0,1.0,0.0,0.0,0.0,0.0
111,112,3.7,0.98,1,-0.025424,0.096345,-0.995023,-0.169916,0.136677,-0.975934,-0.099,0.118,12.2,-12.0,398.5,-0.063,0.131,-0.022,0.0,0.0,3.25,0.0,2.02,3.55,0.02,1.71,0.69,0.79,0.0,0.08,0.01,0.01,0.0,0.45,0.0,0.0,0.0,1.0,0.0,1.0,1.0,0.0,0.0,0.0,0.0,0.0,0.0,0.0,1.0,0.0,0.0,0.0,0.0
112,113,3.733,0.98,1,-0.002138,0.080719,-0.996735,-0.172258,0.123329,-0.977301,-0.088,0.103,12.2,-12.2,398.4,-0.067,0.131,-0.021,0.0,0.0,3.28,0.0,2.01,3.33,0.0,1.75,0.7,0.73,0.0,0.11,0.0,0.02,0.05,0.49,0.0,0.0,0.0,1.0,0.0,1.0,1.0,0.0,0.0,0.0,0.0,0.0,0.0,0.0,1.0,0.0,0.0,0.0,0.0
113,114,3.767,0.98,1,0.002806,0.094636,-0.995508,-0.208759,0.070779,-0.975403,-0.104,0.084,12.3,-12.2,395.7,-0.066,0.127,-0.019,0.0,0.0,3.23,0.0,1.98,3.16,0.0,1.8,0.67,0.66,0.0,0.11,0.0,0.01,0.05,0.54,0.0,0.0,0.0,1.0,0.0,1.0,1.0,0.0,0.0,0.0,0.0,0.0,0.0,0.0,1.0,0.0,0.0,0.0,0.0
114,115,3.8,0.98,1,-0.007371,0.089503,-0.995959,-0.210733,0.071523,-0.974924,-0.11,0.082,12.2,-12.2,395.4,-0.065,0.126,-0.019,0.0,0.0,3.23,0.0,1.97,2.87,0.0,1.8,0.64,0.57,0.0,0.08,0.0,0.02,0.12,0.51,0.0,0.0,0.0,1.0,0.0,1.0,1.0,0.0,1.0,0.0,0.0,0.0,0.0,0.0,1.0,0.0,0.0,0.0,0.0
115,116,3.833,0.98,1,-0.020042,0.095335,-0.995243,-0.217781,0.059035,-0.974211,-0.12,0.078,12.1,-12.2,395.7,-0.065,0.126,-0.019,0.0,0.0,3.22,0.0,1.98,2.83,0.04,1.83,0.62,0.65,0.0,0.1,0.0,0.04,0.07,0.53,0.0,0.0,0.0,1.0,0.0,1.0,1.0,0.0,1.0,0.0,0.0,0.0,0.0,0.0,1.0,0.0,0.0,0.0,0.0
116,117,3.867,0.98,1,-0.046132,0.085253,-0.995291,-0.196775,0.13365,-0.971297,-0.123,0.111,11.9,-12.2,394.1,-0.065,0.122,-0.019,0.0,0.0,3.3,0.0,2.01,2.83,0.08,1.86,0.61,0.59,0.04,0.2,0.0,0.04,0.07,0.52,0.0,0.0,0.0,1.0,0.0,1.0,1.0,0.0,1.0,0.0,0.0,0.0,0.0,0.0,1.0,0.0,0.0,0.0,0.0
117,118,3.9,0.98,1,-0.038368,0.084666,-0.99567,-0.210219,0.084998,-0.973952,-0.126,0.086,11.9,-12.2,394.2,-0.062,0.121,-0.019,0.0,0.0,3.3,0.0,2.01,2.85,0.1,1.92,0.6,0.77,0.06,0.23,0.0,0.02,0.0,0.52,0.0,0.0,0.0,1.0,0.0,1.0,1.0,0.0,1.0,0.0,0.0,0.0,0.0,0.0,1.0,0.0,0.0,0.0,0.0
118,119,3.933,0.98,1,-0.056255,0.091536,-0.994212,-0.210037,0.075597,-0.974766,-0.134,0.085,11.8,-12.2,394.6,-0.062,0.123,-0.02,0.0,0.0,3.35,0.0,1.97,2.82,0.07,1.92,0.59,0.7,0.08,0.18,0.0,0.01,0.04,0.33,0.0,0.0,0.0,1.0,0.0,1.0,1.0,0.0,1.0,0.0,0.0,0.0,0.0,0.0,1.0,0.0,0.0,0.0,0.0
119,120,3.967,0.98,1,-0.071572,0.095106,-0.992891,-0.206079,0.07328,-0.975788,-0.14,0.085,11.7,-12.2,395.2,-0.062,0.126,-0.02,0.0,0.0,3.46,0.0,1.98,2.85,0.03,1.91,0.59,0.67,0.05,0.08,0.11,0.01,0.04,0.25,0.0,0.0,0.0,1.0,0.0,1.0,1.0,0.0,1.0,0.0,0.0,0.0,0.0,0.0,1.0,0.0,0.0,0.0,0.0
120,121,4.0,0.98,1,-0.08702,0.119814,-0.988975,-0.204388,0.078494,-0.975738,-0.147,0.101,11.6,-12.2,395.3,-0.061,0.122,-0.019,0.0,0.0,3.56,0.0,1.99,3.02,0.07,1.89,0.57,0.63,0.04,0.0,0.11,0.04,0.04,0.16,0.0,0.0,0.0,1.0,0.0,1.0,1.0,0.0,1.0,0.0,0.0,0.0,0.0,0.0,1.0,0.0,0.0,0.0,0.0
121,122,4.033,0.98,1,-0.112096,0.099849,-0.988668,-0.208031,0.0741,-0.975311,-0.162,0.088,11.4,-12.1,393.5,-0.061,0.12,-0.021,0.0,0.0,3.6,0.0,2.01,3.12,0.1,1.85,0.58,0.67,0.05,0.0,0.12,0.04,0.0,0.3,0.0,0.0,0.0,1.0,0.0,1.0,1.0,0.0,1.0,0.0,0.0,0.0,0.0,0.0,1.0,0.0,0.0,0.0,0.0
122,123,4.067,0.98,1,-0.100465,0.09981,-0.989922,-0.197016,0.078402,-0.97726,-0.15,0.09,11.4,-12.1,394.7,-0.061,0.121,-0.022,0.0,0.0,3.52,0.0,2.0,3.1,0.15,1.78,0.56,0.78,0.05,0.0,0.06,0.06,0.0,0.38,0.02,0.0,0.0,1.0,0.0,1.0,1.0,0.0,1.0,0.0,0.0,0.0,0.0,0.0,1.0,0.0,0.0,0.0,0.0
123,124,4.1,0.98,1,-0.109026,0.122696,-0.986438,-0.192511,0.066642,-0.979029,-0.152,0.096,11.4,-12.2,394.5,-0.064,0.124,-0.021,0.0,0.02,3.49,0.0,1.98,3.02,0.1,1.75,0.56,0.78,0.05,0.04,0.06,0.07,0.0,0.36,0.02,0.0,0.0,1.0,0.0,1.0,1.0,0.0,1.0,0.0,0.0,0.0,0.0,0.0,1.0,0.0,0.0,0.0,0.0
124,125,4.133,0.98,1,-0.118592,0.127582,-0.984713,-0.183606,0.065673,-0.980804,-0.153,0.098,11.4,-12.2,393.2,-0.062,0.121,-0.022,0.0,0.07,3.45,0.0,2.02,2.98,0.1,1.72,0.56,0.81,0.02,0.04,0.05,0.07,0.0,0.43,0.02,0.0,0.0,1.0,0.0,1.0,1.0,0.0,1.0,0.0,0.0,0.0,0.0,0.0,1.0,0.0,0.0,0.0,0.0
125,126,4.167,0.98,1,-0.121959,0.127302,-0.984337,-0.194081,0.065623,-0.978788,-0.16,0.098,11.3,-12.2,394.2,-0.06,0.124,-0.021,0.0,0.14,3.42,0.0,2.0,3.06,0.07,1.7,0.6,0.89,0.02,0.1,0.0,0.05,0.08,0.6,0.0,0.0,0.0,1.0,0.0,1.0,1.0,0.0,1.0,0.0,0.0,0.0,0.0,0.0,1.0,0.0,0.0,0.0,0.0
126,127,4.2,0.98,1,-0.047517,0.106442,-0.993183,-0.184213,0.075426,-0.979988,-0.117,0.092,11.2,-12.2,395.4,-0.06,0.128,-0.022,0.0,0.13,3.37,0.0,1.99,3.16,0.08,1.67,0.65,1.04,0.0,0.06,0.0,0.03,0.12,0.79,0.0,0.0,0.0,1.0,0.0,1.0,1.0,0.0,1.0,0.0,0.0,0.0,0.0,0.0,1.0,0.0,0.0,0.0,0.0
127,128,4.233,0.98,1,-0.062356,0.089671,-0.994018,-0.187128,0.082338,-0.978879,-0.126,0.087,11.1,-12.1,394.9,-0.055,0.126,-0.024,0.0,0.07,3.25,0.0,1.97,3.24,0.1,1.67,0.67,1.05,0.0,0.06,0.0,0.04,0.18,0.8,0.0,0.0,0.0,1.0,0.0,1.0,1.0,0.0,1.0,0.0,0.0,0.0,0.0,0.0,1.0,0.0,0.0,0.0,0.0
128,129,4.267,0.98,1,-0.009623,0.077522,-0.996944,-0.186038,0.097277,-0.977715,-0.099,0.088,11.2,-12.1,396.1,-0.057,0.128,-0.024,0.0,0.0,3.23,0.0,1.97,3.32,0.13,1.68,0.67,1.01,0.0,0.0,0.0,0.04,0.11,0.73,0.0,0.0,0.0,1.0,0.0,1.0,1.0,0.0,1.0,0.0,0.0,0.0,0.0,0.0,1.0,0.0,0.0,0.0,0.0
129,130,4.3,0.98,1,-0.001891,0.079558,-0.996828,-0.178256,0.107867,-0.978054,-0.091,0.095,11.2,-12.1,396.2,-0.053,0.128,-0.023,0.0,0.0,3.14,0.0,2.0,3.24,0.13,1.69,0.67,0.87,0.0,0.0,0.0,0.02,0.11,0.62,0.0,0.0,0.0,1.0,0.0,1.0,1.0,0.0,1.0,0.0,0.0,0.0,0.0,0.0,1.0,0.0,0.0,0.0,0.0
130,131,4.333,0.98,1,-0.007019,0.082146,-0.996596,-0.16343,0.14744,-0.975475,-0.086,0.116,11.2,-12.1,396.6,-0.056,0.13,-0.024,0.0,0.0,3.18,0.0,2.01,3.31,0.1,1.68,0.68,0.82,0.0,0.02,0.0,0.0,0.05,0.59,0.0,0.0,0.0,1.0,0.0,1.0,1.0,0.0,1.0,0.0,0.0,0.0,0.0,0.0,1.0,0.0,0.0,0.0,0.0
131,132,4.367,0.98,1,-0.001666,0.079021,-0.996872,-0.158275,0.146776,-0.976425,-0.081,0.114,11.2,-12.1,396.8,-0.054,0.129,-0.024,0.0,0.0,3.15,0.0,2.02,3.29,0.08,1.66,0.68,0.76,0.0,0.06,0.0,0.0,0.04,0.65,0.0,0.0,0.0,1.0,0.0,1.0,1.0,0.0,1.0,0.0,0.0,0.0,0.0,0.0,1.0,0.0,0.0,0.0,0.0
132,133,4.4,0.98,1,-0.036458,0.079852,-0.99614,-0.150609,0.143085,-0.978184,-0.094,0.112,11.2,-12.1,396.7,-0.056,0.13,-0.023,0.0,0.0,3.21,0.0,2.03,3.43,0.12,1.66,0.68,0.74,0.0,0.08,0.0,0.01,0.01,0.68,0.0,0.0,0.0,1.0,0.0,1.0,1.0,0.0,1.0,0.0,0.0,0.0,0.0,0.0,1.0,0.0,0.0,0.0,0.0
133,134,4.433,0.98,1,-0.034192,0.075986,-0.996522,-0.135205,0.144025,-0.980294,-0.085,0.111,11.2,-12.1,396.8,-0.056,0.129,-0.023,0.0,0.0,3.14,0.0,2.07,3.36,0.09,1.69,0.65,0.79,0.0,0.1,0.0,0.01,0.01,0.67,0.0,0.0,0.0,1.0,0.0,1.0,1.0,0.0,1.0,0.0,0.0,0.0,0.0,0.0,1.0,0.0,0.0,0.0,0.0
134,135,4.467,0.98,1,-0.026994,0.08059,-0.996382,-0.110233,0.142871,-0.983583,-0.069,0.112,11.2,-12.0,397.1,-0.059,0.128,-0.023,0.0,0.0,3.14,0.0,2.07,3.33,0.07,1.69,0.63,0.87,0.03,0.13,0.01,0.01,0.04,0.56,0.0,0.0,0.0,1.0,0.0,1.0,1.0,0.0,1.0,0.0,0.0,0.0,0.0,0.0,1.0,0.0,0.0,0.0,0.0
135,136,4.5,0.98,1,-0.038803,0.078531,-0.996156,-0.090353,0.139705,-0.986062,-0.065,0.11,11.2,-12.0,397.2,-0.057,0.127,-0.023,0.0,0.0,3.05,0.0,2.04,3.18,0.0,1.64,0.59,0.89,0.04,0.18,0.01,0.0,0.03,0.53,0.0,0.0,0.0,1.0,0.0,1.0,1.0,0.0,1.0,0.0,0.0,0.0,1.0,0.0,1.0,0.0,0.0,0.0,0.0
136,137,4.533,0.98,1,-0.04192,0.078072,-0.996066,-0.081833,0.13279,-0.98776,-0.062,0.106,11.2,-11.9,397.3,-0.06,0.129,-0.023,0.0,0.0,3.1,0.0,1.99,3.16,0.0,1.61,0.55,0.89,0.07,0.2,0.01,0.0,0.05,0.43,0.0,0.0,0.0,1.0,0.0,1.0,1.0,0.0,1.0,0.0,0.0,0.0,1.0,0.0,1.0,0.0,0.0,0.0,0.0
137,138,4.567,0.98,1,0.100349,0.05307,-0.993536,-0.081781,0.132953,-0.987743,0.009,0.094,11.3,-12.0,397.8,-0.064,0.13,-0.022,0.0,0.03,3.11,0.0,1.96,3.07,0.0,1.6,0.56,0.8,0.04,0.18,0.0,0.0,0.03,0.41,0.02,0.0,0.0,1.0,0.0,1.0,1.0,0.0,1.0,0.0,0.0,0.0,1.0,0.0,1.0,0.0,0.0,0.0,0.0
138,139,4.6,0.98,1,0.101538,0.057017,-0.993196,-0.076793,0.131948,-0.988277,0.012,0.095,11.4,-11.9,397.8,-0.065,0.129,-0.021,0.0,0.07,3.22,0.0,1.97,3.09,0.0,1.64,0.55,0.65,0.08,0.13,0.0,0.0,0.03,0.25,0.02,0.0,0.0,1.0,0.0,1.0,1.0,0.0,1.0,0.0,0.0,0.0,1.0,0.0,1.0,0.0,0.0,0.0,0.0
139,140,4.633,0.98,1,0.089647,0.058684,-0.994243,-0.07185,0.136607,-0.988016,0.009,0.098,11.5,-11.9,398.0,-0.064,0.127,-0.021,0.0,0.07,3.28,0.0,1.97,3.05,0.01,1.66,0.6,0.56,0.05,0.06,0.0,0.0,0.01,0.28,0.04,0.0,0.0,1.0,0.0,1.0,1.0,0.0,1.0,0.0,0.0,0.0,1.0,0.0,1.0,0.0,0.0,0.0,0.0
140,141,4.667,0.98,1,0.028559,0.065621,-0.997436,-0.076677,0.13581,-0.987763,-0.024,0.101,11.6,-11.9,397.7,-0.063,0.126,-0.021,0.0,0.04,3.27,0.0,2.01,3.14,0.03,1.68,0.59,0.59,0.05,0.08,0.0,0.01,0.0,0.16,0.02,0.0,0.0,1.0,0.0,1.0,1.0,0.0,1.0,0.0,0.0,0.0,0.0,0.0,1.0,0.0,0.0,0.0,0.0
141,142,4.7,0.98,1,0.110789,0.052527,-0.992455,-0.085538,0.136794,-0.9869,0.013,0.095,11.8,-11.9,397.9,-0.062,0.127,-0.021,0.0,0.0,3.23,0.0,2.04,3.16,0.04,1.73,0.62,0.7,0.0,0.08,0.0,0.01,0.0,0.14,0.02,0.0,0.0,1.0,0.0,1.0,1.0,0.0,1.0,0.0,0.0,0.0,0.0,0.0,1.0,0.0,0.0,0.0,0.0
142,143,4.733,0.98,1,0.094627,0.072182,-0.992893,-0.079704,0.135915,-0.987509,0.008,0.105,12.1,-11.9,398.6,-0.066,0.128,-0.02,0.01,0.02,3.21,0.0,2.09,3.37,0.07,1.68,0.64,0.64,0.0,0.1,0.0,0.01,0.0,0.18,0.03,0.0,0.0,1.0,0.0,1.0,1.0,0.0,1.0,0.0,0.0,0.0,0.0,0.0,1.0,0.0,0.0,0.0,0.0
143,144,4.767,0.98,1,0.117355,0.070049,-0.990616,-0.072319,0.133909,-0.988351,0.023,0.103,12.3,-11.9,399.0,-0.066,0.13,-0.018,0.01,0.02,3.22,0.0,2.09,3.55,0.08,1.7,0.69,0.64,0.0,0.03,0.0,0.0,0.06,0.36,0.06,0.0,0.0,1.0,0.0,1.0,1.0,0.0,1.0,0.0,0.0,0.0,0.0,0.0,1.0,0.0,0.0,0.0,0.0
144,145,4.8,0.98,1,0.115997,0.076164,-0.990325,-0.069888,0.139345,-0.987775,0.023,0.109,12.4,-11.9,399.0,-0.065,0.13,-0.018,0.01,0.02,3.21,0.0,2.05,3.7,0.08,1.68,0.72,0.67,0.0,0.03,0.0,0.0,0.11,0.54,0.1,0.0,0.0,1.0,0.0,1.0,1.0,0.0,1.0,0.0,0.0,0.0,0.0,0.0,1.0,0.0,0.0,0.0,0.0
145,146,4.833,0.98,1,0.116193,0.079732,-0.990021,-0.067435,0.140298,-0.98781,0.025,0.111,12.4,-11.9,399.1,-0.065,0.131,-0.018,0.0,0.0,3.21,0.0,2.01,3.66,0.04,1.68,0.76,0.74,0.0,0.01,0.0,0.01,0.19,0.56,0.08,0.0,0.0,1.0,0.0,1.0,1.0,0.0,1.0,0.0,0.0,0.0,0.0,0.0,1.0,0.0,0.0,0.0,0.0
146,147,4.867,0.98,1,0.115776,0.078917,-0.990135,-0.069061,0.139753,-0.987775,0.024,0.11,12.5,-11.9,399.3,-0.063,0.129,-0.019,0.0,0.0,3.25,0.0,2.0,3.57,0.07,1.66,0.77,0.75,0.0,0.07,0.0,0.02,0.16,0.6,0.06,0.0,0.0,1.0,0.0,1.0,1.0,0.0,1.0,0.0,0.0,0.0,0.0,0.0,1.0,0.0,0.0,0.0,0.0
147,148,4.9,0.98,1,0.120301,0.075135,-0.98989,-0.072387,0.140537,-0.987426,0.024,0.109,12.5,-11.9,399.2,-0.06,0.129,-0.018,0.0,0.0,3.3,0.0,2.03,3.41,0.1,1.65,0.74,0.66,0.0,0.13,0.0,0.02,0.12,0.52,0.02,0.0,0.0,1.0,0.0,1.0,1.0,0.0,1.0,0.0,0.0,0.0,0.0,0.0,1.0,0.0,0.0,0.0,0.0
148,149,4.933,0.98,1,0.106899,0.082088,-0.990875,-0.103145,0.141711,-0.98452,0.002,0.113,12.6,-11.9,398.9,-0.065,0.129,-0.017,0.0,0.0,3.38,0.0,2.04,3.22,0.1,1.74,0.7,0.62,0.01,0.2,0.0,0.01,0.03,0.39,0.0,0.0,0.0,1.0,0.0,1.0,1.0,0.0,1.0,0.0,0.0,0.0,0.0,0.0,1.0,0.0,0.0,0.0,0.0
149,150,4.967,0.98,1,0.075416,0.098636,-0.992262,-0.132762,0.13844,-0.981432,-0.029,0.12,12.6,-11.9,398.8,-0.065,0.127,-0.017,0.0,0.0,3.43,0.0,2.06,3.05,0.05,1.78,0.68,0.51,0.01,0.23,0.0,0.01,0.0,0.17,0.0,0.0,0.0,1.0,0.0,1.0,1.0,0.0,1.0,0.0,0.0,0.0,0.0,0.0,1.0,0.0,0.0,0.0,0.0
150,151,5.0,0.98,1,0.004095,0.100841,-0.994894,-0.148167,0.135197,-0.979678,-0.073,0.119,12.7,-11.9,398.2,-0.065,0.126,-0.017,0.0,0.0,3.46,0.0,2.07,3.08,0.04,1.84,0.67,0.56,0.03,0.24,0.0,0.01,0.0,0.08,0.0,0.0,0.0,1.0,0.0,1.0,1.0,0.0,1.0,0.0,0.0,0.0,0.0,0.0,1.0,0.0,0.0,0.0,0.0
151,152,5.033,0.98,1,0.006378,0.096819,-0.995282,-0.146799,0.137745,-0.979529,-0.071,0.118,12.7,-11.9,398.5,-0.063,0.129,-0.017,0.02,0.0,3.48,0.0,2.07,3.14,0.06,1.83,0.66,0.53,0.03,0.21,0.0,0.02,0.0,0.02,0.0,0.0,0.0,1.0,0.0,1.0,1.0,0.0,1.0,0.0,0.0,0.0,0.0,0.0,1.0,0.0,0.0,0.0,0.0
152,153,5.067,0.98,1,-0.012766,0.090861,-0.995782,-0.146619,0.132369,-0.980297,-0.08,0.112,12.7,-11.9,398.1,-0.062,0.127,-0.017,0.02,0.0,3.49,0.0,2.09,3.21,0.09,1.86,0.64,0.56,0.04,0.16,0.0,0.01,0.0,0.01,0.0,0.0,0.0,1.0,0.0,1.0,1.0,0.0,1.0,0.0,0.0,0.0,0.0,0.0,1.0,0.0,0.0,0.0,0.0
153,154,5.1,0.98,1,-0.013531,0.091674,-0.995697,-0.139447,0.1377,-0.980609,-0.077,0.116,12.6,-11.9,398.2,-0.062,0.128,-0.017,0.02,0.0,3.51,0.0,2.1,3.19,0.09,1.82,0.64,0.52,0.05,0.14,0.0,0.01,0.0,0.0,0.0,0.0,0.0,1.0,0.0,1.0,1.0,0.0,1.0,0.0,0.0,0.0,0.0,0.0,1.0,0.0,0.0,0.0,0.0
154,155,5.133,0.98,1,-0.025006,0.091875,-0.995457,-0.141721,0.137564,-0.980302,-0.084,0.116,12.7,-11.9,398.4,-0.061,0.129,-0.018,0.01,0.0,3.51,0.0,2.15,3.32,0.11,1.83,0.66,0.51,0.07,0.14,0.0,0.0,0.0,0.07,0.0,0.0,0.0,1.0,0.0,1.0,1.0,0.0,1.0,0.0,0.0,0.0,0.0,0.0,1.0,0.0,0.0,0.0,0.0
155,156,5.167,0.98,1,-0.030499,0.100423,-0.994477,-0.126936,0.139768,-0.982014,-0.079,0.121,12.7,-11.9,398.5,-0.062,0.129,-0.017,0.01,0.0,3.49,0.0,2.15,3.35,0.11,1.81,0.67,0.49,0.13,0.13,0.0,0.0,0.0,0.12,0.0,0.0,0.0,1.0,0.0,1.0,1.0,0.0,1.0,0.0,0.0,0.0,0.0,0.0,1.0,0.0,0.0,0.0,0.0
156,157,5.2,0.98,1,-0.039853,0.104568,-0.993719,-0.131044,0.140751,-0.981334,-0.086,0.124,12.7,-11.9,398.5,-0.06,0.129,-0.018,0.01,0.0,3.45,0.0,2.13,3.4,0.11,1.79,0.68,0.47,0.18,0.15,0.0,0.0,0.0,0.2,0.0,0.0,0.0,1.0,0.0,1.0,1.0,0.0,1.0,0.0,0.0,0.0,0.0,0.0,1.0,0.0,0.0,0.0,0.0
157,158,5.233,0.98,1,-0.041671,0.110044,-0.993053,-0.131039,0.137671,-0.981772,-0.087,0.125,12.7,-11.9,398.6,-0.061,0.13,-0.018,0.02,0.0,3.44,0.0,2.07,3.39,0.11,1.73,0.66,0.51,0.14,0.18,0.0,0.0,0.0,0.33,0.0,0.0,0.0,1.0,0.0,1.0,1.0,0.0,1.0,0.0,0.0,0.0,0.0,0.0,1.0,0.0,0.0,0.0,0.0
158,159,5.267,0.98,1,-0.039217,0.106313,-0.993559,-0.115013,0.13349,-0.984354,-0.078,0.121,12.6,-11.8,398.6,-0.061,0.131,-0.019,0.04,0.0,3.43,0.0,2.03,3.41,0.07,1.69,0.65,0.47,0.1,0.19,0.0,0.0,0.0,0.43,0.01,0.0,0.0,1.0,0.0,1.0,1.0,0.0,1.0,0.0,0.0,0.0,0.0,0.0,1.0,0.0,0.0,0.0,0.0
159,160,5.3,0.98,1,-0.017059,0.104342,-0.994395,-0.128474,0.131047,-0.983016,-0.073,0.118,12.6,-11.8,398.7,-0.061,0.13,-0.019,0.09,0.0,3.47,0.0,2.0,3.5,0.07,1.68,0.62,0.54,0.05,0.19,0.0,0.0,0.0,0.5,0.01,0.0,0.0,1.0,0.0,1.0,1.0,0.0,1.0,0.0,0.0,0.0,0.0,0.0,1.0,0.0,0.0,0.0,0.0
160,161,5.333,0.98,1,0.122156,0.084446,-0.988912,-0.135377,0.130381,-0.982178,-0.007,0.109,12.5,-11.8,398.8,-0.061,0.129,-0.018,0.12,0.0,3.47,0.0,2.0,3.48,0.02,1.69,0.64,0.59,0.05,0.17,0.0,0.01,0.0,0.45,0.01,0.0,0.0,1.0,0.0,1.0,1.0,0.0,1.0,0.0,0.0,0.0,0.0,0.0,1.0,0.0,0.0,0.0,0.0
161,162,5.367,0.98,1,0.117616,0.089123,-0.989052,-0.141605,0.131539,-0.981145,-0.012,0.112,12.4,-11.8,398.8,-0.063,0.13,-0.018,0.13,0.0,3.6,0.0,2.01,3.46,0.03,1.72,0.66,0.71,0.02,0.22,0.01,0.01,0.0,0.5,0.0,0.0,0.0,1.0,0.0,1.0,1.0,0.0,1.0,0.0,0.0,0.0,0.0,0.0,1.0,0.0,0.0,0.0,0.0
162,163,5.4,0.98,1,0.073014,0.075365,-0.994479,-0.158335,0.092301,-0.983062,-0.043,0.085,12.4,-11.7,397.7,-0.061,0.129,-0.017,0.07,0.0,3.65,0.0,2.02,3.46,0.01,1.75,0.72,0.71,0.0,0.24,0.01,0.02,0.0,0.57,0.02,0.0,0.0,1.0,0.0,1.0,1.0,0.0,1.0,0.0,0.0,0.0,0.0,0.0,1.0,0.0,0.0,0.0,0.0
163,164,5.433,0.98,1,0.007831,0.088759,-0.996022,-0.126189,0.133295,-0.98301,-0.06,0.112,12.3,-11.7,398.1,-0.062,0.128,-0.019,0.02,0.0,3.65,0.0,2.03,3.44,0.01,1.78,0.74,0.66,0.0,0.27,0.09,0.0,0.0,0.61,0.07,0.0,0.0,1.0,0.0,1.0,1.0,0.0,1.0,0.0,0.0,0.0,1.0,0.0,1.0,0.0,0.0,0.0,0.0
164,165,5.467,0.98,1,-0.021273,0.094245,-0.995322,-0.123308,0.128997,-0.983949,-0.073,0.112,12.3,-11.6,397.8,-0.065,0.131,-0.018,0.0,0.0,3.55,0.0,2.03,3.53,0.0,1.77,0.74,0.68,0.0,0.22,0.13,0.0,0.0,0.56,0.08,0.0,0.0,1.0,0.0,1.0,1.0,0.0,1.0,0.0,0.0,0.0,1.0,0.0,1.0,0.0,0.0,0.0,0.0
165,166,5.5,0.98,1,0.013696,0.070847,-0.997393,-0.119792,0.122856,-0.985168,-0.053,0.097,12.3,-11.6,397.8,-0.066,0.131,-0.019,0.0,0.0,3.48,0.0,2.03,3.47,0.0,1.76,0.73,0.65,0.0,0.2,0.18,0.0,0.0,0.46,0.11,0.0,0.0,1.0,0.0,1.0,1.0,0.0,1.0,0.0,0.0,0.0,1.0,0.0,1.0,0.0,0.0,0.0,0.0
166,167,5.533,0.98,1,0.02629,0.07714,-0.996674,-0.125361,0.123396,-0.984407,-0.05,0.101,12.2,-11.6,398.5,-0.066,0.132,-0.02,0.01,0.0,3.49,0.0,2.03,3.56,0.0,1.78,0.73,0.62,0.0,0.26,0.2,0.0,0.0,0.41,0.08,0.0,0.0,1.0,0.0,1.0,1.0,0.0,1.0,0.0,0.0,0.0,1.0,0.0,1.0,0.0,0.0,0.0,0.0
167,168,5.567,0.98,1,0.088852,0.047272,-0.994922,-0.119247,0.131679,-0.984094,-0.015,0.09,12.2,-11.6,398.3,-0.062,0.129,-0.02,0.01,0.0,3.49,0.0,2.07,3.64,0.0,1.81,0.75,0.61,0.0,0.39,0.18,0.0,0.0,0.34,0.09,0.0,0.0,1.0,0.0,1.0,1.0,0.0,1.0,0.0,0.0,0.0,1.0,0.0,1.0,0.0,0.0,0.0,0.0
168,169,5.6,0.98,1,0.038982,0.034287,-0.998652,-0.155715,0.07108,-0.985241,-0.059,0.053,12.1,-11.5,398.1,-0.059,0.128,-0.021,0.01,0.0,3.53,0.0,2.09,3.73,0.0,1.81,0.74,0.66,0.01,0.51,0.14,0.01,0.0,0.31,0.08,0.0,0.0,1.0,0.0,1.0,1.0,0.0,1.0,0.0,0.0,0.0,1.0,1.0,1.0,0.0,0.0,0.0,0.0
169,170,5.633,0.98,1,0.064405,0.036753,-0.997247,-0.152726,0.069738,-0.985805,-0.045,0.054,12.1,-11.5,398.3,-0.056,0.128,-0.022,0.0,0.0,3.51,0.0,2.11,3.74,0.0,1.78,0.75,0.62,0.01,0.56,0.06,0.05,0.0,0.38,0.06,0.0,0.0,1.0,0.0,1.0,1.0,0.0,1.0,0.0,0.0,0.0,1.0,0.0,1.0,0.0,0.0,0.0,0.0
170,171,5.667,0.98,1,0.017502,0.065257,-0.997715,-0.133021,0.073244,-0.988403,-0.058,0.07,12.1,-11.5,398.8,-0.057,0.129,-0.021,0.0,0.0,3.5,0.0,2.08,3.71,0.0,1.78,0.78,0.59,0.01,0.59,0.02,0.06,0.0,0.54,0.05,0.0,0.0,1.0,0.0,1.0,1.0,0.0,1.0,0.0,0.0,0.0,1.0,1.0,1.0,0.0,0.0,0.0,0.0
171,172,5.7,0.98,1,0.015281,0.060864,-0.998029,-0.140175,0.069858,-0.987659,-0.063,0.066,12.0,-11.5,398.2,-0.055,0.129,-0.021,0.0,0.0,3.46,0.0,2.1,3.75,0.0,1.77,0.78,0.46,0.0,0.61,0.03,0.07,0.0,0.66,0.0,0.0,0.0,1.0,0.0,1.0,1.0,0.0,1.0,0.0,0.0,0.0,1.0,0.0,1.0,0.0,0.0,0.0,0.0
172,173,5.733,0.98,1,0.014105,0.063676,-0.997871,-0.141823,0.068902,-0.987491,-0.064,0.067,12.0,-11.4,397.8,-0.057,0.128,-0.021,0.0,0.0,3.39,0.0,2.13,3.69,0.0,1.78,0.75,0.53,0.0,0.48,0.04,0.06,0.0,0.6,0.0,0.0,0.0,1.0,0.0,1.0,1.0,0.0,1.0,0.0,0.0,0.0,1.0,0.0,1.0,0.0,0.0,0.0,0.0
173,174,5.767,0.98,1,0.011466,0.015523,-0.999814,-0.140307,0.073183,-0.9874,-0.065,0.045,11.6,-11.3,397.5,-0.053,0.126,-0.022,0.0,0.0,3.33,0.0,2.13,3.52,0.01,1.73,0.72,0.5,0.0,0.35,0.08,0.07,0.0,0.62,0.0,0.0,0.0,1.0,0.0,1.0,1.0,0.0,1.0,0.0,0.0,0.0,0.0,0.0,1.0,0.0,0.0,0.0,0.0
174,175,5.8,0.98,1,0.046705,0.004724,-0.998898,-0.139458,0.071425,-0.987649,-0.047,0.038,11.6,-11.3,396.3,-0.052,0.122,-0.022,0.0,0.01,3.26,0.0,2.12,3.29,0.01,1.68,0.7,0.54,0.0,0.23,0.1,0.06,0.0,0.64,0.0,0.0,0.0,1.0,0.0,1.0,1.0,0.0,1.0,0.0,0.0,0.0,0.0,0.0,1.0,0.0,0.0,0.0,0.0
175,176,5.833,0.98,1,0.059132,0.005878,-0.998233,-0.139093,0.073241,-0.987567,-0.04,0.04,11.5,-11.3,396.3,-0.051,0.122,-0.022,0.0,0.01,3.28,0.0,2.1,3.22,0.02,1.63,0.71,0.52,0.0,0.22,0.09,0.05,0.0,0.74,0.0,0.0,0.0,1.0,0.0,1.0,1.0,0.0,1.0,0.0,0.0,0.0,0.0,0.0,1.0,0.0,0.0,0.0,0.0
176,177,5.867,0.98,1,0.060441,0.00701,-0.998147,-0.137408,0.073534,-0.987781,-0.039,0.041,11.5,-11.3,396.1,-0.051,0.12,-0.022,0.0,0.04,3.26,0.0,2.08,3.24,0.01,1.6,0.68,0.52,0.0,0.24,0.05,0.05,0.0,0.67,0.0,0.0,0.0,1.0,0.0,1.0,1.0,0.0,1.0,0.0,0.0,0.0,0.0,0.0,1.0,0.0,0.0,0.0,0.0
177,178,5.9,0.98,1,0.047336,0.000485,-0.998879,-0.131705,0.072126,-0.988662,-0.042,0.037,11.5,-11.2,396.1,-0.052,0.121,-0.023,0.0,0.04,3.3,0.0,2.1,3.23,0.01,1.6,0.69,0.5,0.0,0.26,0.12,0.03,0.0,0.71,0.01,0.0,0.0,1.0,0.0,1.0,1.0,0.0,1.0,0.0,0.0,0.0,0.0,0.0,1.0,0.0,0.0,0.0,0.0
178,179,5.933,0.98,1,0.041359,0.011485,-0.999078,-0.133387,0.076522,-0.988105,-0.046,0.044,11.5,-11.3,397.4,-0.052,0.123,-0.023,0.0,0.05,3.26,0.0,2.11,3.18,0.0,1.63,0.67,0.48,0.0,0.22,0.11,0.03,0.01,0.66,0.01,0.0,0.0,1.0,0.0,1.0,1.0,0.0,1.0,0.0,0.0,0.0,1.0,1.0,1.0,0.0,0.0,0.0,0.0
179,180,5.967,0.98,1,0.072823,0.004219,-0.997336,-0.13043,0.075662,-0.988566,-0.029,0.04,11.5,-11.3,396.4,-0.051,0.122,-0.023,0.0,0.02,3.23,0.0,2.14,3.11,0.0,1.73,0.63,0.52,0.0,0.04,0.07,0.04,0.04,0.56,0.0,0.0,0.0,1.0,0.0,1.0,1.0,0.0,1.0,0.0,0.0,0.0,0.0,0.0,1.0,0.0,0.0,0.0,0.0
